,,1,2,3,4,5,6,7,
,Date,Australia,Finland,Germany,Hungary,Korea,New Zealand,United States,
1,1997,15.25423729,21.33201166,21.57534247,17.77534924,42.21548579,12.70949716,23.78649162,0.037037037
2,1998,13.24200913,20.80042641,20.61405001,15.67189287,42.02184197,11.4,23.7458194,0.074074074
3,1999,14.28571429,21.71623611,20.58643861,15.30123115,41.80339811,8.333333333,23.46278317,0.111111111
4,2000,17.2,20.42748918,19.53642384,14.09876804,41.65435244,7.166556072,23.08892356,0.148148148
5,2001,14.34210526,21.23909129,19.1006514,13.68978149,40.41614049,8.056265985,23.58208955,0.185185185
6,2002,15,20.37320281,18.63354037,9.129712294,41.02851279,7.3125,22.09131075,0.222222222
7,2003,13.04347826,20.09925558,19.8205378,1.47600449,40.08315463,7.692307692,20.57553957,0.259259259
8,2004,14.35294118,20.01515104,21.24478442,3.034373765,39.62354825,8.076699593,19.63534362,0.296296296
9,2005,15.77777778,18.94169403,16.81415929,4.021526574,39.61663236,9.611111111,18.97506925,0.333333333
10,2006,16.66666667,19.37479454,18.542522,0.384387036,39.77414431,9.333333333,19.24629879,0.37037037
11,2007,15.4,21.37690409,16.95906433,3.648106127,38.16206428,7.142857143,19.84334204,0.407407407
12,2008,11.93737769,21.23395266,16.95906433,2.22065446,39.03744173,8.053691275,20.05012531,0.444444444
13,2009,16.36363636,19.67567279,16.95859873,3.87608807,38.6146827,8.759124088,19.78021978,0.481481481
14,2010,14.04293381,18.87699985,16.69471558,6.381712252,39.60585734,7.011235955,18.81067961,0.518518519
15,2011,15.96638656,18.6076171,16.94444444,6.863905325,36.5642295,4.533333333,17.78846154,0.555555556
16,2012,13.75,18.72607453,16.30434783,11.33246244,36.29852997,5.907906169,19.08665105,0.592592593
17,2013,18,20.17843271,14.32328767,8.723650635,36.59963437,6.594323873,17.90697674,0.62962963
18,2014,15.77335375,19.60907945,17.1875,3.772605527,36.65317614,6.083333333,17.45120551,0.666666667
19,2015,13.30769231,18.05598132,15.81632653,9.523809524,37.17628175,7.92,18.88268156,0.703703704
20,2016,13.72843211,16.47225837,15.51071879,9.364317181,36.66666667,7.769230769,18.1420765,0.740740741
21,2017,13.00094822,17.71792064,14.4278607,5.320268655,34.61738256,7.150837989,18.17215728,0.777777778
22,2018,13.44856744,18.85520372,15.71428571,5.063214286,34.10731095,7.869692533,18.91058582,0.814814815
23,2019,15.31165312,17.15982964,14.35185185,12.7536732,32.48044472,6.508450198,18.47070507,0.851851852
24,2020,10.53333333,15.97860496,12.06257347,12.35001644,31.48475223,4.581467448,17.65249538,0.888888889
25,2021,10.47024531,15.34078693,13.47505423,13.07661411,31.06483944,6.666666667,16.86417502,0.925925926
26,2022,9.875,17.51685939,14.38013219,13.33555556,31.24208428,6.255864873,16.98440208,0.962962963
27,2023,11.34751773,16.13188493,14.24533444,14.24116105,29.3008641,4.230317274,16.38935108,1
